{"frames":{"icon":{"frame":{"x":48,"y":91,"w":24,"h":24},"anchor":{"x":0,"y":0},"sourceSize":{"w":24,"h":24}},"base-east":{"frame":{"x":0,"y":0,"w":48,"h":50},"anchor":{"x":0,"y":0},"sourceSize":{"w":48,"h":50}},"base-north":{"frame":{"x":48,"y":0,"w":48,"h":50},"anchor":{"x":0,"y":0},"sourceSize":{"w":48,"h":50}},"base-west":{"frame":{"x":96,"y":0,"w":48,"h":43},"anchor":{"x":0,"y":0},"sourceSize":{"w":48,"h":43}},"base-south":{"frame":{"x":0,"y":50,"w":48,"h":43},"anchor":{"x":0,"y":0},"sourceSize":{"w":48,"h":43}},"over-west":{"frame":{"x":48,"y":50,"w":48,"h":41},"anchor":{"x":0,"y":0},"sourceSize":{"w":48,"h":41}},"over-south":{"frame":{"x":96,"y":43,"w":48,"h":41},"anchor":{"x":0,"y":0},"sourceSize":{"w":48,"h":41}},"over-east":{"frame":{"x":0,"y":93,"w":22,"h":30},"anchor":{"x":0,"y":0},"sourceSize":{"w":22,"h":30}},"over-north":{"frame":{"x":22,"y":93,"w":22,"h":30},"anchor":{"x":0,"y":0},"sourceSize":{"w":22,"h":30}}},"animations":{},"meta":{"format":"RGBA8888","image":"sprite.png","size":{"w":144,"h":144},"scale":1}}